accountNumber,sortCode,friendlyName,type,balance,date,id,userId
12345,102030,Marian main account 1,checking,-1775.05,01/17/2020 12:45:41,5e21ac750b49f4ea3756d4b0,5e21ac2f0b49f4ea3756d4af
22222,01-02-03,Ricks Check,savings,44170.89,01/20/2020 17:19:53,5e25e13970e5fb004369766c,5e219d100a20023cc0a09dda
85647,,,checking,0,05/22/2020 20:01:27,5e5fead2a2c1ab0042128e8f,5e56aef66fd1da004468765b
123424,00-22-88,Rick Rainy Day Fund,savings,50436.47,03/04/2020 18:27:14,5e5ff302a2c1ab0042128ea5,5e219d100a20023cc0a09dda
9182736,1928374,Dans cool account,checking,-2204.26,03/06/2020 15:04:08,5e6266681e61630042d5ab21,5e21abdf0b49f4ea3756d4ae
1000,12300,Ionut Checking,checking,-778.97,03/09/2020 12:14:08,5e66331025b27c0042cdfb36,5e66305825b27c0042cdfb35
1001,125000,Ionut Savings,savings,3288.84,03/09/2020 12:15:41,5e66336d25b27c0042cdfb37,5e66305825b27c0042cdfb35
4641516,,Zukos Account,checking,100,03/10/2020 22:57:45,5e681b6925b27c0042cdfb91,5e68194f25b27c0042cdfb90
61021244,,zukos emergency fund,checking,100,03/10/2020 23:07:57,5e681dcd25b27c0042cdfb92,5e68194f25b27c0042cdfb90
25044047,,zuko is bae,checking,100,03/10/2020 23:08:57,5e681e0925b27c0042cdfb93,5e68194f25b27c0042cdfb90
71005764,,Presales Checking Account,checking,-2550.98,03/11/2020 15:54:49,5e6909c925b27c0042cdfc23,5e69095e25b27c0042cdfc22
35270047,,Presales Savings Account,savings,220,03/11/2020 16:29:11,5e6911d725b27c0042cdfc46,5e69095e25b27c0042cdfc22
52106314,,Presales Do No Touch,savings,80,03/11/2020 16:49:07,5e69168325b27c0042cdfc4b,5e69095e25b27c0042cdfc22
3034444,,ttuckount,checking,100,03/11/2020 16:49:14,5e69168a25b27c0042cdfc4c,5e69167725b27c0042cdfc4a
15574457,,Demo Account,checking,-1150.11,03/11/2020 17:00:20,5e69192425b27c0042cdfc50,5e219d100a20023cc0a09dda
54040773,,TaviCHQ,checking,100,03/11/2020 17:02:20,5e69199c25b27c0042cdfc66,5e69198a25b27c0042cdfc65
53647205,,Checking1,checking,100,03/11/2020 17:09:28,5e691b4825b27c0042cdfc68,5e691b2e25b27c0042cdfc67
1002,12301,Ionut Debit,checking,5000,03/12/2020 10:01:34,5e6a087e25b27c0042cdfc6b,5e66305825b27c0042cdfb35
8273628,1928374,Dans savings account,savings,10,03/12/2020 23:58:29,5e6acca58695cb0043ecaa7a,5e21abdf0b49f4ea3756d4ae
11156354,,Annual Vacation savings,savings,100,03/13/2020 11:52:40,5e6b74088695cb0043ecaa91,5e6b73e58695cb0043ecaa90
34644604,,Car Loan,checking,100,03/13/2020 17:13:07,5e6bbf238695cb0043ecaa96,5e6bbf118695cb0043ecaa95
33707416,,mircea,savings,0,03/15/2020 16:48:10,5e6e5c4af2c6c900430c2572,5e219d100a20023cc0a09dda
70177042,,Gi,savings,-200,03/15/2020 18:17:40,5e6e7144f2c6c900430c257d,5e219d100a20023cc0a09dda
31366222,,Gi Stan,savings,300,03/15/2020 18:20:08,5e6e71d8f2c6c900430c2580,5e219d100a20023cc0a09dda
40775112,,Gi Stan,savings,100,03/15/2020 18:24:52,5e6e72f4f2c6c900430c2583,5e219d100a20023cc0a09dda
24053306,,Gi Stan,savings,20,03/15/2020 18:26:31,5e6e7357f2c6c900430c2584,5e219d100a20023cc0a09dda
36463316,,Gi Stan,savings,100,03/15/2020 18:28:30,5e6e73cef2c6c900430c2585,5e219d100a20023cc0a09dda
34060452,,Gi Stan,savings,100,03/15/2020 18:35:42,5e6e757ef2c6c900430c2586,5e219d100a20023cc0a09dda
33355606,,myaccount,savings,100,03/16/2020 13:28:13,5e6f7eedf2c6c900430c25ab,5e6f7ec5f2c6c900430c25aa
53666744,,Livius Savings,savings,100,03/16/2020 14:37:11,5e6f8f17f2c6c900430c25b7,5e6f892ff2c6c900430c25b1
13151719,123456,Andrews Current Account,checking,-255.76,03/16/2020 21:23:03,5e6fee37d7fabc004217c661,5e6febcfd7fabc004217c660
71402324,,dsfs,checking,100,03/17/2020 17:54:16,5e710ec8ba667b00425bec12,5e219d100a20023cc0a09dda
15503267,,Testing Account,checking,100,03/19/2020 14:18:18,5e737f2aba667b00425beca7,5e69095e25b27c0042cdfc22
71147634,,Emergency Fund,savings,100,03/19/2020 18:46:07,5e73bdefba667b00425bed0a,5e73bd40ba667b00425bed09
53424524,,DebitAccount,checking,85,03/20/2020 08:37:37,5e7480d1ba667b00425bed2a,5e5cbf7561914a0053952905
76010505,,MyCar,savings,100,03/20/2020 08:37:59,5e7480e7ba667b00425bed2b,5e70a56ed7fabc004217c680
67766611,,MyCar,savings,100,03/20/2020 08:38:01,5e7480e9ba667b00425bed2c,5e70a56ed7fabc004217c680
75634531,,MyCar,savings,-35,03/20/2020 08:38:47,5e748117ba667b00425bed2d,5e5cbf7561914a0053952905
46027202,,CreditCard,checking,-20,03/20/2020 08:41:55,5e7481d3ba667b00425bed32,5e5cbf7561914a0053952905
26763737,,piggy bank,savings,100,03/23/2020 13:13:48,5e78b60c9a05c00044e9933a,5e21abdf0b49f4ea3756d4ae
57277422,,GW 01,checking,90,03/23/2020 14:20:08,5e78c5989a05c00044e9933e,5e78c4f19a05c00044e9933d
51760374,,GW 02,savings,100,03/23/2020 14:20:21,5e78c5a59a05c00044e9933f,5e78c4f19a05c00044e9933d
4465644,,Checking,checking,0,03/23/2020 20:54:56,5e7922209a05c00044e99351,5e79202c9a05c00044e99350
41522043,,Savings,savings,0,03/23/2020 20:55:14,5e7922329a05c00044e99352,5e79202c9a05c00044e99350
72771626,,Russel_Savings,savings,100,03/26/2020 09:23:39,5e7c749b9a05c00044e993f2,5e7c74689a05c00044e993f1
6417044,,ben checking,checking,42.55,03/31/2020 23:00:28,5e83cb8c02278500a268c508,5e83ab4502278500a268c507
56461534,,Ben Savings,savings,155.45,04/01/2020 03:17:45,5e8407d902278500a268c531,5e83ab4502278500a268c507
51023454,,Banerjee,savings,100,04/01/2020 13:57:01,5e849dad02278500a268c545,5e84973302278500a268c544
24575214,,"Ben ""Not Illegal"" Checking",checking,62,04/01/2020 20:06:33,5e84f4496e98c70043200216,5e83ab4502278500a268c507
55714061,,testing new account,checking,531.48,04/03/2020 05:25:17,5e86c8bd6e98c70043200271,5e219d100a20023cc0a09dda
25005374,,AICV,checking,-491.33,04/07/2020 21:44:54,5e8cf4566e98c70043200579,5e8cf3d36e98c70043200578
53676667,,Citibank Account,savings,100,04/08/2020 06:42:47,5e8d72676e98c70043200597,5e8d46486e98c7004320058c
44741325,,Prajwal Shambhu,savings,110,04/08/2020 14:34:33,5e8de0f96e98c700432005cb,5e8de0756e98c700432005ca
21717412,,DL,savings,-472.18,04/08/2020 15:55:22,5e8df3ea6e98c700432005da,5e56aef66fd1da004468765b
1772034,,Main Account,checking,100,04/08/2020 20:06:53,5e8e2edd6e98c70043200631,5e56aef66fd1da004468765b
73410216,,leannechecking,checking,-1211.5,04/08/2020 21:26:02,5e8e416a6e98c70043200633,5e8e41546e98c70043200632
3203464,,leannesaving,savings,-130.42,04/08/2020 21:26:12,5e8e41746e98c70043200634,5e8e41546e98c70043200632
13624644,,My Demo Savings Account,savings,100,04/09/2020 07:57:22,5e8ed5626e98c70043200671,5e775ed09a05c00044e99319
27634444,,gsterzer,savings,100,04/09/2020 11:25:25,5e8f06256e98c70043200683,5e775ed09a05c00044e99319
45070214,,howdy,checking,100,04/10/2020 19:23:51,5e90c7c76e98c700432006de,5e219d100a20023cc0a09dda
73506704,,Checkings,checking,100,04/14/2020 14:02:20,5e95c26c6e98c700432007c0,5e95c2356e98c700432007bf
51376577,,First Account,savings,16,04/15/2020 07:53:13,5e96bd696e98c70043200826,5e96b28e6e98c70043200820
33556274,,Second Account,checking,184,04/15/2020 07:53:45,5e96bd896e98c70043200827,5e96b28e6e98c70043200820
22741274,,Let the bodies hit the floor,savings,900300,04/15/2020 08:41:13,5e96c8a96e98c7004320082b,5e96c4ac6e98c70043200829
62672662,,Test Account,savings,100,04/15/2020 09:45:32,5e96d7bc6e98c70043200878,5e96d6846e98c70043200850
11167704,,Testing For Bernard,checking,100,04/21/2020 20:03:35,5e9f51976e98c70043200bd1,5e219d100a20023cc0a09dda
76456544,,Rachel's Checkings,checking,100,04/22/2020 13:50:57,5ea04bc16e98c70043200c1f,5ea04b076e98c70043200c1c
41334776,,Salary,savings,100,04/24/2020 04:19:49,5ea268e56e98c70043200d50,5ea268086e98c70043200d4f
22222,01-02-03,Ricks Check,savings,98724.89,04/27/2020 05:56:05,5ea673f56e98c70043200e10,5e219d100a20023cc0a09dda
56660064,,AlexC,checking,100,04/27/2020 06:44:17,5ea67f416e98c70043200e1f,5e56aef66fd1da004468765b
61336204,,Rachel's Checkings,checking,150,04/27/2020 15:39:32,5ea6fcb46e98c70043200ead,5ea6fc816e98c70043200eac
76300276,,G,checking,50,04/29/2020 19:44:23,5ea9d9176e98c700432010b1,5ea9d8dc6e98c700432010b0
65711647,,cel mic,savings,100,04/29/2020 20:21:39,5ea9e1d36e98c700432010bb,5ea9d8dc6e98c700432010b0
16311604,,My Checking Account,checking,-1075,04/30/2020 01:59:32,5eaa31046e98c700432010be,5eaa30d76e98c700432010bd
47474054,,Transfer Account,checking,1345,04/30/2020 02:01:08,5eaa31646e98c700432010bf,5eaa30d76e98c700432010bd
47616502,,My savings,savings,30,04/30/2020 02:03:16,5eaa31e46e98c700432010c2,5eaa30d76e98c700432010bd
36646231,,abc,savings,100,04/30/2020 06:47:57,5eaa749d6e98c700432010ca,5eaa745a6e98c700432010c9
1627356,,Test1,checking,100,04/30/2020 07:42:05,5eaa814d6e98c700432010dd,5eaa80f96e98c700432010dc
35544334,,Test2,checking,100,04/30/2020 07:42:11,5eaa81536e98c700432010de,5eaa80f96e98c700432010dc
6577736,,Test 3,savings,100,04/30/2020 08:14:11,5eaa88d36e98c700432010f7,5eaa80f96e98c700432010dc
64475514,,Main,checking,100,05/04/2020 12:24:48,5eb009906e98c70043201183,5eb009516e98c70043201182
75731043,,UiAccount,checking,51943151185.74,05/04/2020 16:17:18,5eb0400e6e98c7004320119b,5eb03fdb6e98c7004320119a
20742723,,saurabh,savings,102,05/05/2020 09:26:27,5eb131436e98c700432011e4,5eb130f36e98c700432011e3
1234567,999,USDADemo,checking,3272210764,05/07/2020 20:42:12,5eb472a46e98c70043201407,5eb03fdb6e98c7004320119a
51055655,,Product  Demo Account,checking,-400,05/08/2020 06:41:14,5eb4ff0a6e98c70043201416,5e775ed09a05c00044e99319
40700324,,Sharath,savings,100,05/08/2020 10:07:14,5eb52f526e98c70043201423,5eb52f146e98c70043201422
27344014,,Vadesiz Hesap,checking,0,05/08/2020 12:43:07,5eb553db6e98c70043201426,5ea9772a6e98c7004320105e
24567637,,volkanonat,checking,50,05/08/2020 13:25:58,5eb55de66e98c70043201429,5eb55d996e98c70043201428
35536035,,iremicli,checking,25,05/08/2020 13:27:16,5eb55e346e98c7004320142a,5eb55d996e98c70043201428
46220451,,test1,checking,100,05/08/2020 13:58:31,5eb565876e98c70043201436,5eb5646c6e98c70043201434
4223151,,Checking,checking,100,05/08/2020 14:54:05,5eb5728d6e98c70043201439,5eb572366e98c70043201438
51654065,,Savings,savings,110,05/08/2020 14:58:13,5eb573856e98c7004320143a,5eb572366e98c70043201438
63161564,,Checkings,checking,75,05/08/2020 15:16:49,5eb577e16e98c7004320143e,5eb5772d6e98c7004320143d
5234415,,Emergency Fund,savings,125,05/08/2020 15:17:26,5eb578066e98c7004320143f,5eb5772d6e98c7004320143d
10151122,,Smit Savings Bank Account,savings,56,05/11/2020 00:58:29,5eb8a3356e98c70043201498,5eb8a2e76e98c70043201497
52371264,,Smit Checking Account,checking,144,05/11/2020 00:58:42,5eb8a3426e98c70043201499,5eb8a2e76e98c70043201497
77205104,,Check1,checking,100,05/11/2020 08:25:38,5eb90c026e98c7004320149d,5eb90a226e98c7004320149c
76557004,,ozancandeniz,checking,0,05/11/2020 12:33:28,5eb946186e98c700432014a2,5eb55d996e98c70043201428
12344615,,hakantekin,checking,20,05/11/2020 12:33:43,5eb946276e98c700432014a3,5eb55d996e98c70043201428
45363676,,ceydaeren,checking,95,05/11/2020 12:33:52,5eb946306e98c700432014a4,5eb55d996e98c70043201428
20545577,,kutaysunguroglu,checking,100,05/11/2020 12:34:05,5eb9463d6e98c700432014a5,5eb55d996e98c70043201428
27233002,,oguzhantasgın,checking,100,05/11/2020 12:34:18,5eb9464a6e98c700432014a6,5eb55d996e98c70043201428
70707517,,tugceese,checking,40,05/11/2020 12:34:26,5eb946526e98c700432014a7,5eb55d996e98c70043201428
55155727,,tugayese,checking,100,05/11/2020 12:34:34,5eb9465a6e98c700432014a8,5eb55d996e98c70043201428
46635566,,elifkilic,checking,0,05/11/2020 12:34:43,5eb946636e98c700432014a9,5eb55d996e98c70043201428
57066364,,halilkoc,checking,100,05/11/2020 12:35:04,5eb946786e98c700432014aa,5eb55d996e98c70043201428
17124334,,Demo Account,checking,100,05/12/2020 02:39:33,5eba0c656e98c700432014f0,5eba0ace6e98c700432014ef
14250333,,Account1,savings,100,05/13/2020 14:58:08,5ebc0b00ec543e0044a052df,5ebb0fcf6e98c7004320156c
20412106,,Account2,checking,100,05/13/2020 14:58:32,5ebc0b18ec543e0044a052e0,5ebb0fcf6e98c7004320156c
13447024,,Yeni Hesap,savings,200,05/14/2020 07:36:38,5ebcf506ec543e0044a05390,5ea9772a6e98c7004320105e
13536134,,Kevin,savings,90,05/14/2020 14:47:05,5ebd59e9ec543e0044a053c5,5ebad6ce6e98c70043201542
32424354,,KC Savings,savings,110,05/14/2020 14:51:04,5ebd5ad8ec543e0044a053c6,5ebad6ce6e98c70043201542
74346067,,TestAccount1,checking,50,05/14/2020 18:17:16,5ebd8b2cec543e0044a053da,5ebd8ae3ec543e0044a053d9
15436174,,SavingsAccount,savings,150,05/14/2020 18:18:46,5ebd8b86ec543e0044a053db,5ebd8ae3ec543e0044a053d9
32530764,,,checking,100,05/14/2020 20:44:33,5ebdadb1ec543e0044a053ee,5ebdad8bec543e0044a053ed
77153643,,Checking UiBank,checking,100,05/14/2020 21:25:44,5ebdb758ec543e0044a053f2,5ebdad8bec543e0044a053ed
5436677,,Checking UiBank,checking,100,05/14/2020 21:27:10,5ebdb7aeec543e0044a053f3,5ebdad8bec543e0044a053ed
3634611,,Checking UiBank,checking,100,05/14/2020 21:28:29,5ebdb7fdec543e0044a053f4,5ebdad8bec543e0044a053ed
906731,005100032,Main Account,checking,2850.3,05/15/2020 16:25:36,5ebec280ec543e0044a05491,5ebec108ec543e0044a05490
45526224,,VDKKPMG,savings,100,05/17/2020 14:30:37,5ec14a8dec543e0044a054ee,5ec1496aec543e0044a054ed
67375034,,Siva,checking,100,05/19/2020 00:07:41,5ec3234dec543e0044a055ba,5ec322e4ec543e0044a055b8
31752724,,Siva Savings,savings,100,05/19/2020 00:08:00,5ec32360ec543e0044a055bb,5ec322e4ec543e0044a055b8
25663734,,kc,checking,100,05/19/2020 15:12:05,5ec3f745ec543e0044a056d7,5ebad6ce6e98c70043201542
67404624,,marcio.bouzon,checking,100,05/19/2020 20:06:57,5ec43c61ec543e0044a056f4,5ec43c0bec543e0044a056f3
55012616,,Venkata Pramod Chandra,savings,100,05/20/2020 14:10:01,5ec53a39ec543e0044a057f6,5ec538f7ec543e0044a057f5
61170047,,Nikolai K,checking,100,05/20/2020 14:21:45,5ec53cf9ec543e0044a057f7,5e56aef66fd1da004468765b
6564167,,StudioXRussia,savings,100,05/20/2020 14:32:29,5ec53f7dec543e0044a057fa,5e56aef66fd1da004468765b
25322623,,Savings,savings,100,05/20/2020 14:53:46,5ec5447aec543e0044a057fc,5ec54031ec543e0044a057fb
64432314,,New Checking Account,checking,100,05/20/2020 17:33:41,5ec569f5ec543e0044a057fd,5e775ed09a05c00044e99319
11576146,,New Savings Account,savings,100,05/20/2020 17:38:31,5ec56b17ec543e0044a057fe,5e775ed09a05c00044e99319
63020677,,Task Capture,checking,100,05/20/2020 17:45:35,5ec56cbfec543e0044a05800,5ebdad8bec543e0044a053ed
43353714,,New Checking Account,checking,100,05/20/2020 17:56:56,5ec56f68ec543e0044a05801,5e775ed09a05c00044e99319
21645274,,New Savings Account,savings,100,05/20/2020 17:57:25,5ec56f85ec543e0044a05802,5e775ed09a05c00044e99319
2431246,,Task Capture,checking,100,05/20/2020 22:31:47,5ec5afd3ec543e0044a0580d,5ebdad8bec543e0044a053ed
54653006,,tester,checking,100,05/20/2020 22:44:44,5ec5b2dcec543e0044a0580e,5ebdad8bec543e0044a053ed
12563403,,Task Capture,checking,100,05/20/2020 22:45:34,5ec5b30eec543e0044a0580f,5ebdad8bec543e0044a053ed
12134514,,TC Checking,checking,100,05/20/2020 22:51:22,5ec5b46aec543e0044a05810,5ebdad8bec543e0044a053ed
2504707,,ACC Test,checking,100,05/20/2020 23:52:20,5ec5c2b4ec543e0044a05811,5ebdad8bec543e0044a053ed
14122166,,Account 1,checking,100,05/21/2020 12:33:43,5ec67527ec543e0044a058e4,5ebdad8bec543e0044a053ed
65700664,,Account Dummy,checking,100,05/21/2020 14:42:18,5ec6934aec543e0044a05908,5ebdad8bec543e0044a053ed
65630074,,Ray,savings,100,05/22/2020 03:54:44,5ec74d04ec543e0044a05952,5ec74cc8ec543e0044a05950
60130274,,Family Account,savings,75,05/22/2020 19:33:27,5ec82907ec543e0044a05a22,5ec828c7ec543e0044a05a21
55334123,,Family Savings,savings,125,05/22/2020 19:34:09,5ec82931ec543e0044a05a23,5ec828c7ec543e0044a05a21
85647,,,checking,0,05/22/2020 20:01:57,5ec82fb5ec543e0044a05a29,5e56aef66fd1da004468765b
85647,,,checking,0,05/22/2020 20:02:04,5ec82fbcec543e0044a05a2a,5e56aef66fd1da004468765b
85647,,,checking,0,05/22/2020 20:03:07,5ec82ffbec543e0044a05a2b,5e56aef66fd1da004468765b
30235377,,monish,savings,100,05/24/2020 06:27:34,5eca13d6ec543e0044a05a5e,5eca12beec543e0044a05a5d
22522554,,Test,checking,102,05/27/2020 12:43:29,5ece6071ec543e0044a05be8,5ece6030ec543e0044a05be7
12354235,,Test2,savings,98,05/27/2020 12:43:43,5ece607fec543e0044a05be9,5ece6030ec543e0044a05be7
32645342,,Adient Demo,checking,100,05/27/2020 13:40:41,5ece6dd9ec543e0044a05c04,5ebdad8bec543e0044a053ed
33473704,,sg13,savings,120,05/28/2020 13:34:32,5ecfbde8ec543e0044a05c46,5ecfbd66ec543e0044a05c45
70662204,,kishoriap,savings,100,05/30/2020 07:36:35,5ed20d03ec543e0044a05cf1,5ed20c8bec543e0044a05cf0
5410107,,Christine's Checking,checking,526.04,06/02/2020 13:18:40,5ed651b0ec543e0044a05ea9,5ed5f1adec543e0044a05e72
22222,01-02-03,Ricks Check,savings,44270.89,06/03/2020 17:02:35,5ed7d7ab38ab350043b9df74,5e219d100a20023cc0a09dda
22222,01-02-03,Ricks Check,savings,44170.89,06/03/2020 17:02:50,5ed7d7ba38ab350043b9df75,5e219d100a20023cc0a09dda
43166314,,Balu,checking,100,06/04/2020 05:17:25,5ed883e538ab350043b9e0b0,5ed4ab2eec543e0044a05dde
15022404,,Balu,checking,100,06/04/2020 07:38:53,5ed8a50d38ab350043b9e0d5,5ed4ab2eec543e0044a05dde
221166,11-06-22,Dean Murphy - Car Loan,savings,23429,06/04/2020 17:17:27,5ed92ca738ab350043b9e14a,5ed8ba3b38ab350043b9e0e7
28379,12233,홍길동,savings,1000,06/05/2020 11:09:21,5eda27e138ab350043b9e1bc,5e33e66ef0b452a1a874b7a6
42351264,,Bharath,savings,100,06/08/2020 06:06:19,5eddd55b38ab350043b9e1f8,5ed4ab2eec543e0044a05dde
7565644,,MohitGanotra,savings,120,06/09/2020 01:47:05,5edeea1938ab350043b9e238,5edee9d838ab350043b9e237
14257434,,mdf1,checking,100,06/09/2020 08:45:54,5edf4c4238ab350043b9e251,5edf396c38ab350043b9e24f
5357752,,mdf2,savings,100,06/09/2020 08:52:31,5edf4dcf38ab350043b9e252,5edf396c38ab350043b9e24f
16221544,,mdf3,checking,100,06/09/2020 08:52:39,5edf4dd738ab350043b9e253,5edf396c38ab350043b9e24f
52226504,,Checking UiBank,checking,100,06/09/2020 11:55:03,5edf789738ab350043b9e27d,5ebdad8bec543e0044a053ed
1440234,,DO NOT TOUCH - SAVINGS,savings,100,06/09/2020 18:06:18,5edfcf9a38ab350043b9e2b5,5ed5f1adec543e0044a05e72
35174574,,Ronan Fabricante,savings,100,06/10/2020 04:36:06,5ee0633638ab350043b9e322,5ee062fb38ab350043b9e321
71416124,,Ronan Checking Account,checking,100,06/10/2020 04:36:30,5ee0634e38ab350043b9e323,5ee062fb38ab350043b9e321
36350653,,indra,savings,100,06/10/2020 05:43:08,5ee072ec38ab350043b9e327,5ee0714d38ab350043b9e326
41315324,,Checking,checking,100,06/11/2020 21:49:58,5ee2a70638ab350043b9e426,5ed95f6338ab350043b9e15a
32417574,,Babu,savings,-3242,06/18/2020 14:56:03,5eeb8083e29f950044ba2df9,5ecfddf3ec543e0044a05c6b
55306554,,Preetam,savings,100,06/19/2020 03:35:44,5eec3290e29f950044ba2e32,5eec3229e29f950044ba2e31
125774,,Sarath,checking,3472,06/19/2020 11:06:09,5eec9c21e29f950044ba2e86,5ecfddf3ec543e0044a05c6b
21137364,,hari,savings,300,06/19/2020 13:53:41,5eecc365e29f950044ba2ea4,5eecc309e29f950044ba2ea3
21137364,,hari,savings,100,06/19/2020 14:37:59,5eeccdc7e29f950044ba2eae,5eecc309e29f950044ba2ea3
47104234,,AnithaDevi,savings,100,06/19/2020 15:11:03,5eecd587e29f950044ba2eb5,5eecd554e29f950044ba2eb4
76202764,,kumar,savings,160,06/19/2020 17:09:01,5eecf12de29f950044ba2eb9,5ecfae91ec543e0044a05c35
76202764,,kumar,savings,10,06/19/2020 17:09:34,5eecf14ee29f950044ba2eba,5ecfae91ec543e0044a05c35
74270705,,gowthn_Acc,savings,100,06/20/2020 06:02:48,5eeda688e29f950044ba2ecf,5eeda353e29f950044ba2ecb
27710347,,gowthn_acc2,checking,100,06/20/2020 06:09:00,5eeda7fce29f950044ba2ed0,5eeda353e29f950044ba2ecb
27710348,,gowthn_acc3,checking,100,06/20/2020 06:18:22,5eedaa2ee29f950044ba2ed2,5eeda8c1e29f950044ba2ed1
2771034,,gowthn_acc4,checking,100,06/20/2020 06:21:21,5eedaae1e29f950044ba2ed3,5eeda8c1e29f950044ba2ed1
2771034,,gowthn_acc4,checking,100,06/20/2020 06:21:26,5eedaae6e29f950044ba2ed4,5eeda8c1e29f950044ba2ed1
2771034,,gowthn_acc5,checking,100,06/20/2020 06:21:34,5eedaaeee29f950044ba2ed5,5eeda8c1e29f950044ba2ed1
3744664,,Darshan,savings,-250,06/20/2020 06:53:54,5eedb282e29f950044ba2eda,5eedb0ebe29f950044ba2ed9
5513274,,Rajesh,checking,450,06/20/2020 06:54:11,5eedb293e29f950044ba2edb,5eedb0ebe29f950044ba2ed9
20655434,,George TJ,savings,100,06/20/2020 07:14:22,5eedb74ee29f950044ba2ee4,5eeda27be29f950044ba2eca
622251,,Ashu,savings,100,06/20/2020 09:57:51,5eeddd9fe29f950044ba2f1b,5eeddb85e29f950044ba2f18
25472264,,aaaccc,savings,100,06/20/2020 09:58:58,5eeddde2e29f950044ba2f1c,5eeddb84e29f950044ba2f17
27710347,,gowthn_acc2,checking,100,06/20/2020 11:46:22,5eedf70ee29f950044ba2f61,5eedf1e9e29f950044ba2f4d
27710347,,gowthn_acc2,checking,100,06/20/2020 11:56:31,5eedf96fe29f950044ba2f66,5eeda8c1e29f950044ba2ed1
36203221,,yoguram,savings,100,06/20/2020 14:51:09,5eee225de29f950044ba2f83,5eee2128e29f950044ba2f82
70436664,,susi,savings,100,06/20/2020 14:57:35,5eee23dfe29f950044ba2f84,5eee0d92e29f950044ba2f75
41267152,,yoguram,savings,100,06/20/2020 15:15:46,5eee2822e29f950044ba2f89,5eee2128e29f950044ba2f82
52773514,,yoguram,savings,100,06/20/2020 16:03:57,5eee336de29f950044ba2f92,5eee2128e29f950044ba2f82
52773514,,yoguram,savings,100,06/20/2020 16:07:17,5eee3435e29f950044ba2f97,5eee2128e29f950044ba2f82
52773516,,ramnew,savings,1000,06/20/2020 16:09:05,5eee34a1e29f950044ba2f98,5eee2128e29f950044ba2f82
42247015,,Rakhi,savings,101,06/20/2020 16:39:50,5eee3bd6e29f950044ba2f9b,5eedbd58e29f950044ba2ef2
1234567,,ramnew,savings,1000,06/20/2020 16:43:07,5eee3c9be29f950044ba2f9e,5eee2128e29f950044ba2f82
1234567,,ramnew,savings,1000,06/20/2020 16:43:15,5eee3ca3e29f950044ba2f9f,5eee2128e29f950044ba2f82
1234568,,ramnew,savings,1000,06/20/2020 16:43:59,5eee3ccfe29f950044ba2fa0,ib2OtDHEHFtacBtV7ZQMVh4LgWTp95MfOylefrMtzz13iAelC6J0AfUBwGj8Cy25
1234568,,ramnew,savings,1000,06/20/2020 17:50:41,5eee4c71e29f950044ba2fad,TzkVjbtdAaL2uiNbKbQqTcyicwfsIZooz3KssQMpwuUmVFJ0HoAEXlM3aPDTaYYg
1234568,,ramnew,savings,1000,06/20/2020 17:50:43,5eee4c73e29f950044ba2fae,TzkVjbtdAaL2uiNbKbQqTcyicwfsIZooz3KssQMpwuUmVFJ0HoAEXlM3aPDTaYYg
1234568,,ramnew,savings,1000,06/20/2020 17:50:45,5eee4c75e29f950044ba2faf,TzkVjbtdAaL2uiNbKbQqTcyicwfsIZooz3KssQMpwuUmVFJ0HoAEXlM3aPDTaYYg
1234568,,ramnew,savings,1000,06/20/2020 17:52:26,5eee4cdae29f950044ba2fb0,TzkVjbtdAaL2uiNbKbQqTcyicwfsIZooz3KssQMpwuUmVFJ0HoAEXlM3aPDTaYYg
50336157,,Balaji M,savings,100,06/20/2020 17:53:10,5eee4d06e29f950044ba2fb1,5eedbc40e29f950044ba2eeb
1234568,,ramnew,savings,1000,06/20/2020 17:53:26,5eee4d16e29f950044ba2fb2,5eee2128e29f950044ba2f82
46305014,,ss,savings,95,06/20/2020 17:54:21,5eee4d4de29f950044ba2fb3,5eee1313e29f950044ba2f78
1234568,,ramnew,savings,1000,06/20/2020 17:59:26,5eee4e7ee29f950044ba2fb6,s8KFrBYYvojiahUtJMUPUNFngCPbN5xrABi1eVj7chmjc1OCIlzYM7IKTSGvP3MA
1234568,,ramnew,savings,1000,06/20/2020 18:07:24,5eee505ce29f950044ba2fb7,5eee2128e29f950044ba2f82
21310364,,xx,checking,105,06/20/2020 18:08:49,5eee50b1e29f950044ba2fb8,5eee1313e29f950044ba2f78
7773634,,xx,checking,100,06/20/2020 18:09:19,5eee50cfe29f950044ba2fb9,5eee1313e29f950044ba2f78
1234568,,ramnew,savings,1000,06/20/2020 18:28:21,5eee5545e29f950044ba2fc0,5eee2128e29f950044ba2f82
20255522,,Rathish,savings,-400,06/20/2020 18:51:19,5eee5aa7e29f950044ba2fd4,5eee5941e29f950044ba2fd2
36371361,,poorna,savings,600,06/20/2020 18:51:37,5eee5ab9e29f950044ba2fd5,5eee5941e29f950044ba2fd2
27710347,,gowthn_acc2,checking,100,06/21/2020 03:32:56,5eeed4e8e29f950044ba2fee,5eeda8c1e29f950044ba2ed1
54417526,,Darshan1,savings,100,06/21/2020 03:40:22,5eeed6a6e29f950044ba2ff5,5eedb0ebe29f950044ba2ed9
54417526,,Darshan1,savings,100,06/21/2020 03:42:43,5eeed733e29f950044ba2ff6,5eedb0ebe29f950044ba2ed9
54417528,,Darshan2,savings,100,06/21/2020 03:43:07,5eeed74be29f950044ba2ff7,5eedb0ebe29f950044ba2ed9
27710347,,gowthn_acc2,checking,100,06/21/2020 03:47:22,5eeed84ae29f950044ba2ffc,5eeda8c1e29f950044ba2ed1
27710346,,gowthn_acc2,checking,100,06/21/2020 03:47:45,5eeed861e29f950044ba2ffd,5eeda8c1e29f950044ba2ed1
57710104,,Aswin,savings,100,06/21/2020 04:21:01,5eeee02de29f950044ba300d,5ecfddf3ec543e0044a05c6b
7320063,,Hima,savings,100,06/21/2020 04:21:55,5eeee063e29f950044ba300e,5eedbd58e29f950044ba2ef2
57710104,,Aswin2,savings,100,06/21/2020 04:22:03,5eeee06be29f950044ba300f,5ecfddf3ec543e0044a05c6b
25047754,,ArunAccTest,savings,100,06/21/2020 04:23:10,5eeee0aee29f950044ba3010,5eee4623e29f950044ba2fa9
5054166,,Nickname ,savings,100,06/21/2020 04:24:00,5eeee0e0e29f950044ba3012,5eedc147e29f950044ba2eff
57710104,,Aswin2,savings,100,06/21/2020 04:24:03,5eeee0e3e29f950044ba3013,5ecfddf3ec543e0044a05c6b
24064025,,ss,savings,100,06/21/2020 04:24:15,5eeee0efe29f950044ba3014,5eee1313e29f950044ba2f78
57710104,,Aswin2,savings,100,06/21/2020 04:24:32,5eeee100e29f950044ba3015,5ecfddf3ec543e0044a05c6b
23010444,,nick,savings,100,06/21/2020 04:25:03,5eeee11fe29f950044ba3016,5eedbc66e29f950044ba2eec
565465,,,savings,100,06/21/2020 04:25:22,5eeee132e29f950044ba3017,5eedbd06e29f950044ba2eef
45757044,,Jaime,savings,100,06/21/2020 04:25:23,5eeee133e29f950044ba3018,5ecfddf3ec543e0044a05c6b
7320063,,Hima2,savings,100,06/21/2020 04:25:27,5eeee137e29f950044ba3019,5eedbd58e29f950044ba2ef2
46305014,,ss,savings,100,06/21/2020 04:26:02,5eeee15ae29f950044ba301a,5eee1313e29f950044ba2f78
35211774,,Balaji M,checking,100,06/21/2020 04:27:22,5eeee1aae29f950044ba301b,5eedbc40e29f950044ba2eeb
34311441,,practo,savings,100,06/21/2020 04:28:24,5eeee1e8e29f950044ba301d,5eeed831e29f950044ba2ffb
55042254,,Tyrion,savings,0,06/21/2020 04:28:54,5eeee206e29f950044ba301e,5ecfddf3ec543e0044a05c6b
25047754,,ArunAccTest,savings,100,06/21/2020 04:30:09,5eeee251e29f950044ba301f,5eee4623e29f950044ba2fa9
57710104,,Aswin2,savings,100,06/21/2020 04:31:45,5eeee2b1e29f950044ba3021,5ecfddf3ec543e0044a05c6b
565465,,kris,savings,100,06/21/2020 04:33:27,5eeee317e29f950044ba3022,5eedbd06e29f950044ba2eef
51127234,,arthi,savings,100,06/21/2020 04:34:06,5eeee33ee29f950044ba3024,5eeee1b4e29f950044ba301c
4511224,,Hari,savings,100,06/21/2020 04:36:34,5eeee3d2e29f950044ba3025,5ecfae91ec543e0044a05c35
11605214,,Jaya,savings,100,06/21/2020 04:37:30,5eeee40ae29f950044ba3027,5ecfddf3ec543e0044a05c6b
4511224,,Hari,savings,100,06/21/2020 04:38:39,5eeee44fe29f950044ba302a,5ecfae91ec543e0044a05c35
46135774,,Nickname ,checking,100,06/21/2020 04:40:02,5eeee4a2e29f950044ba302d,5eedc147e29f950044ba2eff
1001,,Hari,savings,100,06/21/2020 04:40:07,5eeee4a7e29f950044ba302e,5ecfae91ec543e0044a05c35
1001,,Sudharsan,savings,1000,06/21/2020 04:41:04,5eeee4e0e29f950044ba302f,5ecfae91ec543e0044a05c35
4511225,,Sudharsan,checking,100,06/21/2020 04:45:29,5eeee5e9e29f950044ba3030,5ecfae91ec543e0044a05c35
123456,,arthi,savings,1000,06/21/2020 04:49:11,5eeee6c7e29f950044ba3031,5eeee1b4e29f950044ba301c
34311441,,practo,savings,100,06/21/2020 05:12:44,5eeeec4ce29f950044ba3032,5eeed831e29f950044ba2ffb
34311441,,practo,savings,100,06/21/2020 05:18:43,5eeeedb3e29f950044ba3033,5eeed831e29f950044ba2ffb
26562264,,siva,checking,100,06/21/2020 05:26:45,5eeeef95e29f950044ba3034,5eee414ee29f950044ba2fa6
34311441,,practo,savings,100,06/21/2020 05:27:48,5eeeefd4e29f950044ba3036,5eeed831e29f950044ba2ffb
34311441,,practo,savings,100,06/21/2020 05:28:33,5eeef001e29f950044ba3037,5eeed831e29f950044ba2ffb
34311441,,practo,savings,100,06/21/2020 05:29:19,5eeef02fe29f950044ba303a,5eeed831e29f950044ba2ffb
34311441,,practo,savings,100,06/21/2020 05:34:42,5eeef172e29f950044ba303c,5eeed831e29f950044ba2ffb
34311441,,practo,savings,100,06/21/2020 05:49:55,5eeef503e29f950044ba3040,5eeed831e29f950044ba2ffb
34311441,,practo,savings,100,06/21/2020 05:52:36,5eeef5a4e29f950044ba3042,5eeed831e29f950044ba2ffb
46305014,,ss,savings,100,06/21/2020 05:54:36,5eeef61ce29f950044ba3043,5eee1313e29f950044ba2f78
27710346,,gowthn_acc2,checking,100,06/21/2020 06:11:05,5eeef9f9e29f950044ba3044,5eeda8c1e29f950044ba2ed1
42216156,,motolaa,savings,90,06/21/2020 06:23:53,5eeefcf9e29f950044ba3045,5eeee41be29f950044ba3028
42216156,,motolaa,savings,1010,06/21/2020 06:40:16,5eef00d0e29f950044ba3046,5eeee41be29f950044ba3028
42216156,,motolaa,savings,19000,06/21/2020 06:40:56,5eef00f8e29f950044ba3047,5eeee41be29f950044ba3028
60507345,,niranjana,savings,100,06/21/2020 12:50:06,5eef577ee29f950044ba305b,5eee414ee29f950044ba2fa6
21652415,,sivani,savings,100,06/21/2020 12:54:25,5eef5881e29f950044ba305d,5eee414ee29f950044ba2fa6
44075314,,balaji,savings,100,06/21/2020 12:58:30,5eef5976e29f950044ba3060,5eee414ee29f950044ba2fa6
44075314,,balaji,savings,100,06/21/2020 14:15:19,5eef6b77e29f950044ba3063,5eee414ee29f950044ba2fa6
55186414,,sridharan,savings,200,06/21/2020 14:21:45,5eef6cf9e29f950044ba3065,5eee414ee29f950044ba2fa6
55186414,,sridharan,savings,200,06/21/2020 14:28:25,5eef6e89e29f950044ba3066,5eee414ee29f950044ba2fa6
55186414,,sridharan,savings,200,06/21/2020 14:29:58,5eef6ee6e29f950044ba3067,5eee414ee29f950044ba2fa6
55186414,,sridharan,savings,200,06/21/2020 14:31:17,5eef6f35e29f950044ba3068,5eee414ee29f950044ba2fa6
66297525,,sivani,savings,500,06/21/2020 14:38:23,5eef70dfe29f950044ba3069,5eee414ee29f950044ba2fa6
66297525,,sivani,savings,500,06/21/2020 14:46:31,5eef72c7e29f950044ba306b,5eee414ee29f950044ba2fa6
27710346,,gowthn_acc2,checking,100,06/21/2020 15:12:16,5eef78d0e29f950044ba306e,5eeda8c1e29f950044ba2ed1
27710346,,gowthn_acc2,checking,100,06/21/2020 15:30:39,5eef7d1fe29f950044ba306f,5eeda353e29f950044ba2ecb
27710347,,RunTime1,checking,200,06/21/2020 15:40:22,5eef7f66e29f950044ba3070,5eef7d1fe29f950044ba306f
27710346,,gowthn_acc2,checking,1000,06/21/2020 15:41:36,5eef7fb0e29f950044ba3072,5eeda8c1e29f950044ba2ed1
27710346,,gowthn_acc2,checking,1000,06/21/2020 15:43:36,5eef8028e29f950044ba3073,5eeda8c1e29f950044ba2ed1
27710346,,gowthn_Sunday,checking,1000,06/21/2020 15:44:22,5eef8056e29f950044ba3074,5eeda8c1e29f950044ba2ed1
50213011,,Mlearning,checking,100,06/21/2020 16:17:01,5eef87fde29f950044ba307a,5eef80b0e29f950044ba3075
50213011,,Mlearning,checking,100,06/21/2020 16:17:07,5eef8803e29f950044ba307b,5eef80b0e29f950044ba3075
45645464,,Irene,savings,100,06/21/2020 16:39:14,5eef8d32e29f950044ba307d,5eef8c25e29f950044ba307c
45645465,,Irene1,savings,0,06/21/2020 16:55:59,5eef911fe29f950044ba307f,5eef8c25e29f950044ba307c
45645466,,Irene,savings,100,06/21/2020 16:58:07,5eef919fe29f950044ba3080,5eef8c25e29f950044ba307c
66297535,,sivani,savings,500,06/21/2020 17:23:19,5eef9787e29f950044ba3086,5eee414ee29f950044ba2fa6
66297535,,sivani,savings,500,06/21/2020 17:46:20,5eef9cece29f950044ba3089,5eee414ee29f950044ba2fa6
66297535,,sivani,savings,500,06/21/2020 17:50:11,5eef9dd3e29f950044ba308a,5eee414ee29f950044ba2fa6
16645364,,mylearn,savings,100,06/21/2020 18:12:31,5eefa30fe29f950044ba308c,5eef80b0e29f950044ba3075
16645364,,mylearn,savings,100,06/21/2020 18:12:39,5eefa317e29f950044ba308d,5eef80b0e29f950044ba3075
45645467,,Irene,savings,100,06/21/2020 19:56:00,5eefbb50e29f950044ba309b,5eef8c25e29f950044ba307c
45645468,,Irene,savings,100,06/21/2020 19:56:50,5eefbb82e29f950044ba309c,5eef8c25e29f950044ba307c
45645469,,Irene,savings,100,06/21/2020 19:57:39,5eefbbb3e29f950044ba309d,5eef8c25e29f950044ba307c
45645469,,Irene,savings,100,06/21/2020 20:00:04,5eefbc44e29f950044ba309e,5eef8c25e29f950044ba307c
45645469,,Irene,savings,100,06/21/2020 20:32:15,5eefc3cfe29f950044ba309f,5eef8c25e29f950044ba307c
45645469,,Irene,savings,100,06/21/2020 21:10:19,5eefccbbe29f950044ba30a4,5eef8c25e29f950044ba307c
45645469,,Irene,savings,100,06/21/2020 21:11:35,5eefcd07e29f950044ba30a5,5eef8c25e29f950044ba307c
45645469,,Irene,savings,100,06/21/2020 21:16:29,5eefce2de29f950044ba30a7,5eef8c25e29f950044ba307c
72363107,,Nick,savings,300,06/22/2020 05:15:26,5ef03e6ee29f950044ba30c0,5ef03b9fe29f950044ba30bf
27710347,,RunTime1,checking,200,06/22/2020 05:52:31,5ef0471fe29f950044ba30c3,5ef012f2e29f950044ba30a9
72363107,,Nick,savings,100,06/22/2020 06:11:39,5ef04b9be29f950044ba30cf,5ef03b9fe29f950044ba30bf
72363107,,Jones,checking,500,06/22/2020 06:14:16,5ef04c38e29f950044ba30d0,5ef03b9fe29f950044ba30bf
76335426,,MDN,savings,100,06/22/2020 06:34:39,5ef050ffe29f950044ba30d5,5ef04e43e29f950044ba30d4
55677337,,JD,savings,100,06/22/2020 07:05:28,5ef05838e29f950044ba30df,5ef04e43e29f950044ba30d4
75170424,,test,savings,100,06/22/2020 07:06:37,5ef0587de29f950044ba30e0,5ef04e43e29f950044ba30d4
27710347,,RunTime1,checking,200,06/22/2020 07:32:17,5ef05e81e29f950044ba30e1,5ef012f2e29f950044ba30a9
24107374,,TestNew,savings,100,06/22/2020 07:40:43,5ef0607be29f950044ba30e2,5ef04e43e29f950044ba30d4
24107375,,TestNew,savings,100,06/22/2020 07:43:33,5ef06125e29f950044ba30e4,5ef04e43e29f950044ba30d4
24107375,,TestNew,savings,100,06/22/2020 08:10:57,5ef06791e29f950044ba30e9,5ef04e43e29f950044ba30d4
22375604,,lakshmisadhula,savings,100,06/22/2020 08:28:52,5ef06bc4e29f950044ba30f0,5eef9c00e29f950044ba3088
22375604,,lakshmisadhula1,savings,100,06/22/2020 08:30:13,5ef06c15e29f950044ba30f1,5eef9c00e29f950044ba3088
7527774,,Debit,savings,100,06/22/2020 09:08:38,5ef07516e29f950044ba30f6,5ef07488e29f950044ba30f5
76536224,,Ranju,savings,100,06/22/2020 09:19:43,5ef077afe29f950044ba30f8,5ef07786e29f950044ba30f7
441216,,Ranju,savings,100,06/22/2020 10:03:02,5ef081d6e29f950044ba3100,5ef07f7fe29f950044ba30fc
24107375,,TestNew,savings,100,06/22/2020 10:11:10,5ef083bee29f950044ba3109,5ef04e43e29f950044ba30d4
24107375,,TestNew,savings,0,06/22/2020 10:13:07,5ef08433e29f950044ba310a,5ef04e43e29f950044ba30d4
46201455,,Ranju,savings,100,06/22/2020 10:23:18,5ef08696e29f950044ba310e,5ef085d5e29f950044ba310c
24107375,,TestNew,savings,0,06/22/2020 10:24:59,5ef086fbe29f950044ba3111,5ef04e43e29f950044ba30d4
24107375,,TestNew,savings,0,06/22/2020 10:26:23,5ef0874fe29f950044ba3112,5ef04e43e29f950044ba30d4
24107375,,MDNTwo,savings,0,06/22/2020 10:27:25,5ef0878de29f950044ba3113,5ef04e43e29f950044ba30d4
46246246,,Jam,savings,100,06/22/2020 10:38:12,5ef08a14e29f950044ba311a,5ef08995e29f950044ba3119
45634344,,sruthi,savings,100,06/22/2020 10:46:04,5ef08bece29f950044ba311d,5ef08b67e29f950044ba311b
17263504,,Ranju,savings,100,06/22/2020 10:47:31,5ef08c43e29f950044ba3121,5ef08c03e29f950044ba311e
45634344,,sruthi,savings,100,06/22/2020 10:48:49,5ef08c91e29f950044ba3124,5ef08b67e29f950044ba311b
61661244,,RanjiAccount,savings,100,06/22/2020 11:59:45,5ef09d31e29f950044ba3130,5ef09984e29f950044ba312d
22375604,,lakshmisadhula1,savings,100,06/22/2020 13:03:35,5ef0ac274c3223004373f5c7,{{userId}}
22375604,,lakshmisadhula1,savings,100,06/22/2020 13:06:08,5ef0acc04c3223004373f5c8,5eef9c00e29f950044ba3088
22375604,,lakshmisadhula1,savings,100,06/22/2020 13:07:51,5ef0ad274c3223004373f5ca,5eef9c00e29f950044ba3088
22375604,,lakshmisadhula1,savings,100,06/22/2020 14:12:54,5ef0bc664c3223004373f5d9,5eef9c00e29f950044ba3088
66297535,,sivani,savings,500,06/22/2020 17:16:38,5ef0e776a1314a0056fd6198,5eee414ee29f950044ba2fa6
66297535,,sivani,savings,500,06/22/2020 17:17:50,5ef0e7bea1314a0056fd6199,5eee414ee29f950044ba2fa6
13647504,,Kishore,savings,100,06/23/2020 05:29:44,5ef19348a1314a0056fd61db,5eee0f17e29f950044ba2f76
35441125,,Kishore_T,savings,100,06/23/2020 05:31:00,5ef19394a1314a0056fd61dc,5eee0f17e29f950044ba2f76
60565624,,Kishore_T,savings,100,06/23/2020 05:31:16,5ef193a4a1314a0056fd61dd,5eee0f17e29f950044ba2f76
34205634,,nawasmail,savings,100,06/23/2020 08:12:24,5ef1b968fff4370065ec392c,5ef1b7dffff4370065ec392b
72772464,,AdilAcc,savings,100,06/23/2020 08:29:57,5ef1bd85fff4370065ec392e,5ef1b7dffff4370065ec392b
22375604,,lakshmisadhula1,savings,100,06/23/2020 08:48:06,5ef1c1c6fff4370065ec3932,5eef9c00e29f950044ba3088
26411233,,Prafull_UiBank_Act,savings,150,06/23/2020 08:57:04,5ef1c3e0fff4370065ec3936,5eec68b9e29f950044ba2e67
23705337,,Prafull_UiBank_Act,savings,100,06/23/2020 08:59:03,5ef1c457fff4370065ec3937,5eec68b9e29f950044ba2e67
22513225,,Prafull_UiBank_Secondary_Account,checking,50,06/23/2020 09:08:12,5ef1c67cfff4370065ec3939,5eec68b9e29f950044ba2e67
72772464,,AdilAcc,savings,0,06/23/2020 09:20:53,5ef1c975fff4370065ec393d,5ef1b7dffff4370065ec392b
64030045,,Prafull_UiBank_New_Account,checking,100,06/23/2020 09:29:59,5ef1cb97fff4370065ec393e,5eec68b9e29f950044ba2e67
36134124,,Prafull_UiBank_New_Account,checking,100,06/23/2020 09:31:04,5ef1cbd8fff4370065ec393f,5eec68b9e29f950044ba2e67
21662623,,Prafull_UiBank_New_Account,checking,100,06/23/2020 09:31:47,5ef1cc03fff4370065ec3940,5eec68b9e29f950044ba2e67
1764135,,Prafull_UiBank_Test_Acct_1,checking,100,06/23/2020 09:35:48,5ef1ccf4fff4370065ec3941,5eec68b9e29f950044ba2e67
22375604,,lakshmisadhula1,savings,100,06/23/2020 09:48:53,5ef1d005fff4370065ec3942,5eef9c00e29f950044ba3088
1214754,,Prafull_UiBank_Test_Acct_2,savings,100,06/23/2020 09:51:02,5ef1d086fff4370065ec3943,5eec68b9e29f950044ba2e67
22375604,,lakshmisadhula1,savings,100,06/23/2020 10:05:02,5ef1d3cefff4370065ec3944,5eef9c00e29f950044ba3088
22375604,,lakshmisadhula1,savings,100,06/23/2020 10:14:57,5ef1d621fff4370065ec3948,5eef9c00e29f950044ba3088
72772464,,AdilAcc,savings,0,06/23/2020 10:56:34,5ef1dfe2fff4370065ec394e,5ef1b7dffff4370065ec392b
2511354,,Prafull_UiBank_Test_Acct_2,savings,100,06/23/2020 11:04:27,5ef1e1bbfff4370065ec3950,5eec68b9e29f950044ba2e67
22637337,,Prafull_UiBank_Test_Acct_2,savings,100,06/23/2020 11:05:27,5ef1e1f7fff4370065ec3951,5eec68b9e29f950044ba2e67
56666144,,Vijay,savings,120,06/23/2020 12:36:19,5ef1f743fff4370065ec3957,5ef1d59ffff4370065ec3946
3105024,,Sparplan,savings,105,06/24/2020 05:39:25,5ef2e70dfff4370065ec3996,5ef0b2814c3223004373f5ce
56213534,,Sravani_Savings,savings,600,06/24/2020 18:40:44,5ef39e2cfff4370065ec39de,5ef39dc2fff4370065ec39dd
76257414,,Sravani_Fixed,savings,100,06/24/2020 18:41:41,5ef39e65fff4370065ec39e1,5ef39dc2fff4370065ec39dd
1234556,121,Artur,checking,1500,06/25/2020 12:47:37,5ef49ce9fff4370065ec3a6a,5ef499fafff4370065ec3a56
70472234,,Poupança,savings,100,06/25/2020 13:04:34,5ef4a0e2fff4370065ec3a6d,5ef499fafff4370065ec3a56
44566506,,Hilda-Customer,checking,100,06/26/2020 03:53:35,5ef5713ffff4370065ec3aaf,5e56aef66fd1da004468765b
72363107,,Schultz,checking,500,06/29/2020 05:22:09,5ef97a81fff4370065ec3b68,5ef03b9fe29f950044ba30bf
33115244,,First,checking,200,06/30/2020 06:23:08,5efada4cfff4370065ec3bec,5efada26fff4370065ec3beb
7243274,,Test account,checking,100,07/01/2020 09:52:59,5efc5cfbfff4370065ec3cbb,5ea9772a6e98c7004320105e
11330122,,Ramu,checking,0,07/06/2020 05:06:39,5f02b15ffff4370065ec3e3c,5f02b0e6fff4370065ec3e35
11677124,,Raju,checking,200,07/06/2020 05:14:59,5f02b353fff4370065ec3e42,5f02b0e6fff4370065ec3e35
23407654,,priya,savings,100,07/06/2020 07:26:06,5f02d20efff4370065ec3e5e,5f02b0e6fff4370065ec3e35
52204625,,Priya,savings,100,07/06/2020 07:28:23,5f02d297fff4370065ec3e5f,5f02b0e6fff4370065ec3e35
51575722,,priya,savings,100,07/06/2020 07:45:19,5f02d68ffff4370065ec3e61,5f02b0e6fff4370065ec3e35
4411644,,naveen,checking,100,07/06/2020 07:56:05,5f02d915fff4370065ec3e62,5f02b0e6fff4370065ec3e35
2761764,,priya,savings,100,07/06/2020 08:05:26,5f02db46fff4370065ec3e63,5f02b0e6fff4370065ec3e35
16344534,,new,checking,100,07/06/2020 14:08:09,5f033049fff4370065ec3e9d,5f02b0e6fff4370065ec3e35
22433411,,Vaibhav,savings,100,07/07/2020 06:46:43,5f041a53fff4370065ec3ef6,5f0419e8fff4370065ec3ef5
10646714,,AXA Test Account,checking,100,07/07/2020 10:48:33,5f045301fff4370065ec3f78,5ea9772a6e98c7004320105e
32124234,,Priya,checking,100,07/08/2020 04:47:43,5f054feffff4370065ec409e,5f02b0e6fff4370065ec3e35
60155446,,Test Account,checking,100,07/10/2020 08:18:47,5f082467c4257a0044369cc6,5ea9772a6e98c7004320105e
32133404,,Test Account,checking,100,07/10/2020 08:20:38,5f0824d6c4257a0044369cc7,5ea9772a6e98c7004320105e
44772523,,小猪猪,savings,100,07/10/2020 08:37:12,5f0828b8c4257a0044369cc9,5f0827a7c4257a0044369cc8
15332041,,My First Account,savings,100,07/12/2020 11:13:05,5f0af04171c2160044efab84,5f0ae6cc71c2160044efab83
66343026,,Savings,savings,100,07/12/2020 11:13:37,5f0af06171c2160044efab85,5f0ae6cc71c2160044efab83
37122677,,,checking,100,07/13/2020 22:34:06,5f0ce15e71c2160044efac49,5f0ce13571c2160044efac48
50253154,,my saving,savings,120,07/14/2020 08:16:20,5f0d69d471c2160044efacc5,5f0d654271c2160044efacc4
17024317,,test,checking,102,07/14/2020 10:58:44,5f0d8fe471c2160044efacf9,5f0d654271c2160044efacc4
33473544,23213,Current Account,checking,1000000,07/16/2020 09:27:38,5f101d8a71c2160044efae10,5f101d1d71c2160044efae0f
25156244,,Savings,savings,105,07/20/2020 12:06:53,5f1588dd71c2160044efaf1e,5f15889c71c2160044efaf1d
74435636,,Checking,checking,95,07/20/2020 12:07:47,5f15891371c2160044efaf1f,5f15889c71c2160044efaf1d
64770224,,TC,savings,100,07/20/2020 15:06:25,5f15b2f171c2160044efaf45,5f15b2a271c2160044efaf44
123456789,123,Nguyễn Văn Banker,savings,50336.85,07/22/2020 08:09:19,5f17f42f71c2160044efb027,5f0e709571c2160044efad79
14217309,ICBVVNVX,Nguyễn Văn Banker,savings,300,07/22/2020 10:37:02,5f1816ce71c2160044efb085,5f0e709571c2160044efad79
14834845,ICBVVNVX,Nguyễn Văn Banker,savings,200,07/22/2020 10:47:19,5f18193771c2160044efb088,5f0e709571c2160044efad79
18225637,ICBVVNVX,Nguyễn Văn Banker,savings,150,07/22/2020 11:43:50,5f18267671c2160044efb08a,5f0e709571c2160044efad79
40691525,ICBVVNVX,Nguyễn Văn Banker,savings,150,07/22/2020 17:58:16,5f187e3871c2160044efb0c1,5f0e709571c2160044efad79
40751882,ICBVVNVX,Nguyễn Văn Banker,savings,100,07/22/2020 17:59:17,5f187e7571c2160044efb0c2,5f0e709571c2160044efad79
40892926,ICBVVNVX,Nguyễn Văn Banker,savings,120,07/22/2020 18:01:38,5f187f0271c2160044efb0c3,5f0e709571c2160044efad79
40960833,ICBVVNVX,Nguyễn Văn Banker,savings,500,07/22/2020 18:02:45,5f187f4571c2160044efb0c4,5f0e709571c2160044efad79
69975091,ICBVVNVX,Nguyễn Văn Banker,savings,140,07/23/2020 02:06:20,5f18f09c71c2160044efb0c5,5f0e709571c2160044efad79
4112212,203992,DEMO SIEMENS STUDIOX,checking,458,07/24/2020 08:23:55,5f1a9a9b71c2160044efb1e1,5f19ac5071c2160044efb154
40014011,,KGPK,savings,100,07/24/2020 09:01:18,5f1aa35e71c2160044efb200,5f1aa2c571c2160044efb1ff
56014324,,gcreddy,savings,100,07/24/2020 14:21:05,5f1aee5171c2160044efb239,5f1ae8ab71c2160044efb231
63122366,,Anik,savings,100,07/24/2020 21:42:49,5f1b55d971c2160044efb261,5f1b55a171c2160044efb260
32635174,,Gcr,savings,100,07/25/2020 11:54:21,5f1c1d6d71c2160044efb270,5f1ae8ab71c2160044efb231
27241224,,Matt Smith,savings,-19920,07/25/2020 12:38:35,5f1c27cb71c2160044efb273,5f1c25ea71c2160044efb272
46275454,,Allen Garcia,savings,20120,07/25/2020 12:41:23,5f1c287371c2160044efb274,5f1c25ea71c2160044efb272
72573634,,Jessica Cox,savings,100,07/25/2020 12:47:54,5f1c29fa71c2160044efb279,5f1c25ea71c2160044efb272
61563244,,Regina Sara,savings,100,07/25/2020 12:48:51,5f1c2a3371c2160044efb27a,5f1c25ea71c2160044efb272
73170634,,kiran,savings,100,07/26/2020 03:29:12,5f1cf88871c2160044efb287,5f1cf2f671c2160044efb286
50420027,,Karthik1,savings,100,07/26/2020 03:39:55,5f1cfb0b71c2160044efb288,5f1cf2f671c2160044efb286
37446245,,ansul,savings,100,07/26/2020 03:42:57,5f1cfbc171c2160044efb289,5f1ae8ab71c2160044efb231
11154454,,Harshi,savings,710,07/26/2020 09:07:15,5f1d47c371c2160044efb2a5,5f1d2eb171c2160044efb2a4
61655644,,Nishok,checking,-510,07/26/2020 09:10:07,5f1d486f71c2160044efb2a6,5f1d2eb171c2160044efb2a4
47261021,,Karthik2,savings,100,07/26/2020 10:55:18,5f1d611671c2160044efb2a8,5f1cf2f671c2160044efb286
47036433,,Suman,savings,100,07/27/2020 15:54:09,5f1ef8a171c2160044efb2f9,5f1e4b8371c2160044efb2ad
24262820,123456,Andrews Savings Account,savings,241.72,07/27/2020 15:56:00,5f1ef91071c2160044efb2fa,5e6febcfd7fabc004217c660
67141136,,Shyam,savings,-77900,07/28/2020 08:17:00,5f1fdefc71c2160044efb378,5f1fdeab71c2160044efb377
33536516,,Savings,savings,100,07/28/2020 10:11:52,5f1ff9e871c2160044efb39a,5f1ff91971c2160044efb398
73617204,,Checking,checking,100,07/28/2020 10:12:18,5f1ffa0271c2160044efb3a0,5f1ff91971c2160044efb398
17445774,,Vijay,checking,78100,07/28/2020 18:23:15,5f206d1371c2160044efb447,5f1fdeab71c2160044efb377
67473304,,Sarath,savings,100,07/28/2020 19:51:21,5f2081b971c2160044efb44b,5ecfae91ec543e0044a05c35
50160104,,Babu,savings,100,07/28/2020 20:01:21,5f20841171c2160044efb44c,5ecfae91ec543e0044a05c35
70524134,,Babu,savings,100,07/28/2020 20:04:45,5f2084dd71c2160044efb44d,5ecfae91ec543e0044a05c35
34064056,,Babu,savings,100,07/28/2020 20:05:09,5f2084f571c2160044efb44e,5ecfae91ec543e0044a05c35
35276734,,Babu,savings,100,07/28/2020 20:06:05,5f20852d71c2160044efb44f,5ecfae91ec543e0044a05c35
20573072,,Babu,savings,100,07/28/2020 20:07:35,5f20858771c2160044efb450,5ecfae91ec543e0044a05c35
67130337,,Sethu,savings,100,07/29/2020 07:04:38,5f211f8671c2160044efb4c6,5ecfae91ec543e0044a05c35
56436302,,Sethu,savings,100,07/29/2020 07:05:48,5f211fcc71c2160044efb4c7,5ecfae91ec543e0044a05c35
64411004,,Babu,savings,150,07/29/2020 07:11:21,5f21211971c2160044efb4cb,5ecfae91ec543e0044a05c35
44406323,,Babu,savings,100,07/29/2020 07:15:17,5f21220571c2160044efb4cc,5ecfae91ec543e0044a05c35
53435662,,Babu,savings,100,07/29/2020 07:44:05,5f2128c571c2160044efb4d9,5ecfae91ec543e0044a05c35
51254245,,Babu,savings,100,07/29/2020 07:44:39,5f2128e771c2160044efb4da,5ecfae91ec543e0044a05c35
5416417,,Babu,savings,100,07/29/2020 07:45:00,5f2128fc71c2160044efb4db,5ecfae91ec543e0044a05c35
42112142,,Babu,savings,100,07/29/2020 07:46:03,5f21293b71c2160044efb4dc,5ecfae91ec543e0044a05c35
2020421,,Babu,savings,100,07/30/2020 09:44:24,5f22967871c2160044efb59a,5ecfae91ec543e0044a05c35
70016671,,Niraj,savings,100,08/01/2020 06:01:18,5f25052e71c2160044efb649,5f1e4b8371c2160044efb2ad
20315474,,Niraj,savings,100,08/01/2020 06:05:58,5f25064671c2160044efb64a,5f1e4b8371c2160044efb2ad
33326574,,Niraj,savings,400,08/01/2020 06:23:45,5f250a7171c2160044efb64b,5f1e4b8371c2160044efb2ad
53441637,,Niraj,savings,-200,08/01/2020 06:38:34,5f250dea71c2160044efb64c,5f1e4b8371c2160044efb2ad
3654005,,Niraj,savings,100,08/01/2020 06:43:35,5f250f1771c2160044efb64d,5f1e4b8371c2160044efb2ad
31220154,,Niraj,savings,100,08/01/2020 06:45:28,5f250f8871c2160044efb64e,5f1e4b8371c2160044efb2ad
74251657,,Niraj,savings,100,08/01/2020 06:49:01,5f25105d71c2160044efb64f,5f1e4b8371c2160044efb2ad
57323504,,Niraj,savings,100,08/01/2020 06:52:18,5f25112271c2160044efb650,5f1e4b8371c2160044efb2ad
42507726,,Niraj,savings,100,08/01/2020 07:25:51,5f2518ff71c2160044efb651,5f1e4b8371c2160044efb2ad
47530034,,San,savings,100,08/02/2020 09:50:20,5f268c5c71c2160044efb657,5f268ab471c2160044efb656
27531144,,Niraj,savings,100,08/02/2020 11:14:25,5f26a01171c2160044efb658,5f1e4b8371c2160044efb2ad
66441766,,Niraj,savings,100,08/02/2020 11:18:36,5f26a10c71c2160044efb659,5f1e4b8371c2160044efb2ad
60763124,,andreporro,savings,100,08/03/2020 10:46:24,5f27eb0071c2160044efb68d,5f27eac571c2160044efb68c
43671634,,andreporro,checking,100,08/03/2020 10:46:34,5f27eb0a71c2160044efb68e,5f27eac571c2160044efb68c
71566074,,Adrian Sanders,savings,100,08/04/2020 02:04:13,5f28c21d71c2160044efb6dd,5f28c17f71c2160044efb6dc
41433571,,Alexandra Foster,checking,100,08/04/2020 02:04:31,5f28c22f71c2160044efb6de,5f28c17f71c2160044efb6dc
57270321,,main,checking,112,08/05/2020 20:30:45,5f2b16f571c2160044efb7d8,5f2b165371c2160044efb7d6
46644057,,Checking,checking,100,08/05/2020 20:30:46,5f2b16f671c2160044efb7d9,5f2b166f71c2160044efb7d7
5354754,,My primary checking account,checking,-4901,08/06/2020 11:41:35,5f2bec6f71c2160044efb7ec,5e775ed09a05c00044e99319
63047357,,My retirement savings,savings,5101,08/06/2020 11:52:42,5f2bef0a71c2160044efb7ed,5e775ed09a05c00044e99319
33116214,,Praveen,checking,100,08/09/2020 05:31:10,5f2f8a1e71c2160044efb8a1,5f2d5c4c71c2160044efb874
